[
  {
    "name": "Prince",
    "dob": "1903-08-19",
    "status": "Onboarding",
    "address": "1 Royal Ave"
  },
  {
    "name": "X \u00c6 A-12",
    "dob": "1996-04-17",
    "status": "Onboarding",
    "address": "1 SpaceX Drive"
  },
  {
    "name": "Mary-Jane O'Neil",
    "dob": "1975-05-21",
    "status": "Active",
    "address": "42 Hyphen Lane"
  },
  {
    "name": "Nguy\u1ec5n Th\u1ecb Minh Khai",
    "dob": "1937-04-08",
    "status": "Inquiry",
    "address": "88 Asian Blvd"
  },
  {
    "name": "Maximiliano de los Santos Garcia",
    "dob": "1911-10-02",
    "status": "Inquiry",
    "address": "23 Overflow St"
  },
  {
    "name": "\u674e\u534e",
    "dob": "1857-11-08",
    "status": "Churned",
    "address": "11 Mandarin Rd"
  },
  {
    "name": "Omar al-Khatib",
    "dob": "1886-03-13",
    "status": "Inquiry",
    "address": "9 Crescent Rd"
  },
  {
    "name": "Anna de la Cruz",
    "dob": "1828-11-05",
    "status": "Active",
    "address": "123 Shared Lane"
  },
  {
    "name": "Sam Doe",
    "dob": "1999-04-07",
    "status": "Active",
    "address": "123 Shared Lane"
  },
  {
    "name": "Jane Doe",
    "dob": "1976-01-30",
    "status": "Churned",
    "address": "123 Shared Lane"
  },
  {
    "name": "Brittney Cynthia Kidd",
    "dob": "1890-05-15",
    "status": "Inquiry",
    "address": "04827 Lane Terrace Apt. 598"
  },
  {
    "name": "Candice Robin Torres",
    "dob": "1862-08-02",
    "status": "Churned",
    "address": "517 Kendra Stream"
  },
  {
    "name": "Natalie Chen",
    "dob": "1909-07-22",
    "status": "Onboarding",
    "address": "178 Cunningham Drive"
  },
  {
    "name": "David Cynthia Martinez",
    "dob": "1997-05-14",
    "status": "Active",
    "address": "6263 Wood Parks Apt. 126"
  },
  {
    "name": "Sara Nicholas Robertson",
    "dob": "1999-07-12",
    "status": "Active",
    "address": "56542 Ryan Groves"
  },
  {
    "name": "Stephanie Richard Hall",
    "dob": "1965-08-29",
    "status": "Churned",
    "address": "76870 Elijah River"
  },
  {
    "name": "Jamie Chelsea Manning",
    "dob": "1879-11-12",
    "status": "Churned",
    "address": "9441 Dylan Burg"
  },
  {
    "name": "Nathaniel Raymond Gonzales",
    "dob": "1827-08-12",
    "status": "Inquiry",
    "address": "177 Smith View Suite 187"
  },
  {
    "name": "Michael Ashley Contreras",
    "dob": "1875-12-05",
    "status": "Onboarding",
    "address": "16609 Fletcher Circle"
  },
  {
    "name": "James Mitchell Perry",
    "dob": "1881-01-15",
    "status": "Onboarding",
    "address": "3221 Victoria Orchard"
  },
  {
    "name": "Christina Johnson",
    "dob": "1866-08-20",
    "status": "Churned",
    "address": "80665 Valenzuela Plaza"
  },
  {
    "name": "Kerry Ponce",
    "dob": "1983-12-18",
    "status": "Onboarding",
    "address": "623 Welch Rapids Apt. 859"
  },
  {
    "name": "Lisa Franco",
    "dob": "1835-11-27",
    "status": "Active",
    "address": "517 Jennifer Shoals"
  },
  {
    "name": "Erica Thomas Hudson",
    "dob": "2023-07-25",
    "status": "Onboarding",
    "address": "051 Steven Tunnel Apt. 138"
  },
  {
    "name": "James Richard",
    "dob": "2000-11-05",
    "status": "Onboarding",
    "address": "905 Sheila Bypass"
  },
  {
    "name": "Diana Paul Giles",
    "dob": "1996-04-30",
    "status": "Churned",
    "address": "85595 Norris Ford"
  },
  {
    "name": "Jeffrey Terry Vazquez",
    "dob": "1951-11-24",
    "status": "Churned",
    "address": "772 Alexa Mountains Apt. 984"
  },
  {
    "name": "April Derrick Gates",
    "dob": "1916-12-25",
    "status": "Onboarding",
    "address": "63035 Valerie Key"
  },
  {
    "name": "Ashley Jonathan Myers",
    "dob": "1868-07-04",
    "status": "Inquiry",
    "address": "07118 Brian Overpass"
  },
  {
    "name": "Eric Lopez",
    "dob": "1909-02-18",
    "status": "Onboarding",
    "address": "42082 Booth Meadow"
  },
  {
    "name": "Miguel Richard Blackburn",
    "dob": "1905-10-02",
    "status": "Churned",
    "address": "0507 Garcia Mission"
  },
  {
    "name": "Alexander Evan Ellis",
    "dob": "1926-01-29",
    "status": "Inquiry",
    "address": "2520 Duncan Gardens Suite 136"
  },
  {
    "name": "Maria Colin Brown",
    "dob": "1906-11-12",
    "status": "Inquiry",
    "address": "5322 Tucker Lodge"
  },
  {
    "name": "Christopher Lisa Wilkinson",
    "dob": "1954-09-28",
    "status": "Onboarding",
    "address": "98154 Benjamin Extension"
  },
  {
    "name": "Allen Gonzalez",
    "dob": "1880-01-23",
    "status": "Churned",
    "address": "1696 Kyle Street"
  },
  {
    "name": "Drew Michael Bennett",
    "dob": "2002-10-08",
    "status": "Onboarding",
    "address": "5246 Torres Run Apt. 835"
  },
  {
    "name": "Billy Tammy Stevens",
    "dob": "1857-06-07",
    "status": "Inquiry",
    "address": "330 Grant Pine Suite 088"
  },
  {
    "name": "Kristen George Chavez",
    "dob": "1934-07-27",
    "status": "Onboarding",
    "address": "62097 Guerrero Isle"
  },
  {
    "name": "Kelly Perkins",
    "dob": "1885-10-06",
    "status": "Onboarding",
    "address": "79072 Carla Pines"
  },
  {
    "name": "Thomas Bryce Mathis",
    "dob": "1990-03-26",
    "status": "Inquiry",
    "address": "8761 Dana Harbor"
  },
  {
    "name": "Holly Christopher Sellers",
    "dob": "1958-04-27",
    "status": "Onboarding",
    "address": "0414 Jean Creek Apt. 832"
  },
  {
    "name": "Michael Peterson",
    "dob": "1829-04-26",
    "status": "Active",
    "address": "6470 Hunter Motorway Apt. 951"
  },
  {
    "name": "Mitchell James Kennedy",
    "dob": "1863-04-13",
    "status": "Onboarding",
    "address": "73918 Morgan Tunnel"
  },
  {
    "name": "Alicia Linda Villarreal",
    "dob": "1937-09-19",
    "status": "Inquiry",
    "address": "49555 Lee Mountains"
  },
  {
    "name": "Christina Le",
    "dob": "1849-06-28",
    "status": "Churned",
    "address": "78543 Miller Fords"
  },
  {
    "name": "Connor Campbell",
    "dob": "1864-03-29",
    "status": "Onboarding",
    "address": "447 Pamela Rest Suite 876"
  },
  {
    "name": "Kevin Stephanie Garcia",
    "dob": "1947-06-15",
    "status": "Inquiry",
    "address": "75057 West Mountain"
  },
  {
    "name": "Danielle Adams",
    "dob": "1927-07-16",
    "status": "Churned",
    "address": "189 Franklin Shore Apt. 453"
  },
  {
    "name": "Austin Hernandez",
    "dob": "1847-08-05",
    "status": "Onboarding",
    "address": "051 Stephanie Estate Suite 739"
  },
  {
    "name": "George Gabriel Nguyen",
    "dob": "2019-11-15",
    "status": "Inquiry",
    "address": "299 Jerry Port Suite 831"
  },
  {
    "name": "Wendy Justin King",
    "dob": "1856-02-29",
    "status": "Churned",
    "address": "496 Mendez Courts Suite 051"
  },
  {
    "name": "David Brooke Curry",
    "dob": "1833-03-26",
    "status": "Churned",
    "address": "91551 Russell Ford"
  },
  {
    "name": "Vincent Thomas",
    "dob": "1921-06-27",
    "status": "Onboarding",
    "address": "079 Michael Lodge Suite 480"
  },
  {
    "name": "Andrew Selena Hawkins",
    "dob": "2003-02-01",
    "status": "Churned",
    "address": "3614 Crane Village"
  },
  {
    "name": "Anthony Holmes",
    "dob": "1963-04-04",
    "status": "Onboarding",
    "address": "35134 Jocelyn Hollow"
  },
  {
    "name": "Marie Jasmine Mcconnell",
    "dob": "1985-07-05",
    "status": "Churned",
    "address": "224 Vincent Fort Apt. 286"
  },
  {
    "name": "Karen John Smith",
    "dob": "1899-01-26",
    "status": "Churned",
    "address": "371 Travis Groves Apt. 988"
  },
  {
    "name": "Brian Gill",
    "dob": "1878-03-13",
    "status": "Active",
    "address": "216 Burgess Plaza Suite 870"
  },
  {
    "name": "Jeremy Derek Lowe",
    "dob": "2006-02-21",
    "status": "Active",
    "address": "8160 Katherine Burgs Suite 690"
  },
  {
    "name": "Patricia Mark Williams",
    "dob": "1884-07-30",
    "status": "Active",
    "address": "94996 Crystal Ranch"
  },
  {
    "name": "Sarah Morales",
    "dob": "1881-07-27",
    "status": "Onboarding",
    "address": "319 Cain Cape"
  },
  {
    "name": "Martin Wagner",
    "dob": "1847-09-15",
    "status": "Onboarding",
    "address": "7102 Connor Rapid"
  },
  {
    "name": "Timothy Edwards",
    "dob": "2019-01-26",
    "status": "Onboarding",
    "address": "5169 Miguel Falls Suite 671"
  },
  {
    "name": "Daniel Williams",
    "dob": "1862-03-21",
    "status": "Onboarding",
    "address": "82681 Oconnor Square Apt. 546"
  },
  {
    "name": "Kenneth Stacey Key",
    "dob": "1957-06-15",
    "status": "Onboarding",
    "address": "0625 Veronica View Suite 921"
  },
  {
    "name": "Angela Ariana Richard",
    "dob": "1886-02-06",
    "status": "Inquiry",
    "address": "25880 Mary Way Apt. 582"
  },
  {
    "name": "Maurice Joseph Ferrell",
    "dob": "1848-05-02",
    "status": "Active",
    "address": "8976 Daniel Light Suite 612"
  },
  {
    "name": "Joshua Elizabeth Johnson",
    "dob": "1850-08-02",
    "status": "Inquiry",
    "address": "465 Robert Fall"
  },
  {
    "name": "Jordan Denise Martin",
    "dob": "2016-05-29",
    "status": "Inquiry",
    "address": "0038 Brianna Island"
  },
  {
    "name": "Heather Patterson",
    "dob": "1848-12-25",
    "status": "Churned",
    "address": "542 Katie Motorway"
  },
  {
    "name": "Jared Weiss",
    "dob": "1843-11-23",
    "status": "Inquiry",
    "address": "67701 Ryan Streets"
  },
  {
    "name": "Regina Edward Cooper",
    "dob": "1920-10-05",
    "status": "Onboarding",
    "address": "18569 Peter Shores"
  },
  {
    "name": "Rachel Gerald Williamson",
    "dob": "1877-02-16",
    "status": "Inquiry",
    "address": "719 Todd Greens"
  },
  {
    "name": "Michael Tracy Shannon",
    "dob": "1979-07-26",
    "status": "Active",
    "address": "298 Marquez Forge Suite 167"
  },
  {
    "name": "Christine Destiny Myers",
    "dob": "1900-06-07",
    "status": "Active",
    "address": "53432 Rhodes Mountains"
  },
  {
    "name": "Sandra Burke",
    "dob": "1977-01-27",
    "status": "Onboarding",
    "address": "778 Brady Walk Suite 488"
  },
  {
    "name": "Shannon Corey Frye",
    "dob": "1947-12-04",
    "status": "Active",
    "address": "74894 Swanson Ports Apt. 220"
  },
  {
    "name": "Jasmine Ashley Stewart",
    "dob": "1829-09-06",
    "status": "Churned",
    "address": "3595 Emily Avenue Apt. 023"
  },
  {
    "name": "Julie Desiree Matthews",
    "dob": "1967-06-21",
    "status": "Churned",
    "address": "93220 Kimberly Village"
  },
  {
    "name": "Michelle Hahn",
    "dob": "1968-08-01",
    "status": "Churned",
    "address": "890 Jessica Stravenue Suite 044"
  },
  {
    "name": "Zachary Sellers",
    "dob": "1999-03-20",
    "status": "Inquiry",
    "address": "17483 Taylor Cliff"
  },
  {
    "name": "Jonathan Montgomery",
    "dob": "1924-06-21",
    "status": "Inquiry",
    "address": "947 Clark Street"
  },
  {
    "name": "Brett Shirley Holloway",
    "dob": "1830-11-07",
    "status": "Active",
    "address": "19262 Matthews Neck Suite 115"
  },
  {
    "name": "Louis Burke",
    "dob": "1866-11-05",
    "status": "Inquiry",
    "address": "19090 Sharon Station"
  },
  {
    "name": "Kristi Hannah Mendoza",
    "dob": "2013-06-23",
    "status": "Onboarding",
    "address": "992 Lisa Lights Apt. 538"
  },
  {
    "name": "Sarah Meghan Young",
    "dob": "1883-05-23",
    "status": "Inquiry",
    "address": "5723 Simmons Path"
  },
  {
    "name": "Thomas Laura Bryant",
    "dob": "1887-03-08",
    "status": "Inquiry",
    "address": "15637 Phillips Rapid Suite 466"
  },
  {
    "name": "Michele James Clark",
    "dob": "1850-08-24",
    "status": "Active",
    "address": "94011 Hogan Hollow Apt. 438"
  },
  {
    "name": "Edward Rosales",
    "dob": "1911-04-07",
    "status": "Active",
    "address": "6760 Myers Groves Suite 096"
  },
  {
    "name": "Tanya Greg Thompson",
    "dob": "2012-02-08",
    "status": "Inquiry",
    "address": "536 Matthew Point Suite 974"
  },
  {
    "name": "William Michael Barber",
    "dob": "1994-03-10",
    "status": "Churned",
    "address": "7293 Mann Mews Suite 801"
  },
  {
    "name": "Courtney Gabriel Berg",
    "dob": "2006-09-07",
    "status": "Churned",
    "address": "9261 Susan Unions"
  },
  {
    "name": "Shari Mercado",
    "dob": "1863-06-23",
    "status": "Active",
    "address": "607 Martinez Dam Apt. 118"
  },
  {
    "name": "Brittany Mary Lawrence",
    "dob": "1877-12-15",
    "status": "Active",
    "address": "614 Ramos Shoal"
  },
  {
    "name": "Alexis Amanda Foster",
    "dob": "1985-06-17",
    "status": "Onboarding",
    "address": "673 Garcia Rest"
  },
  {
    "name": "Hannah Tracy Dixon",
    "dob": "1838-05-30",
    "status": "Inquiry",
    "address": "7073 Austin Estates Suite 238"
  },
  {
    "name": "Paul Jill Lee",
    "dob": "2007-12-26",
    "status": "Onboarding",
    "address": "048 Vang Landing"
  },
  {
    "name": "Wendy Torres",
    "dob": "1910-10-18",
    "status": "Onboarding",
    "address": "1101 Melissa Avenue Apt. 564"
  },
  {
    "name": "Mark Nathan Jackson",
    "dob": "1857-06-09",
    "status": "Inquiry",
    "address": "78913 Brenda Mission"
  },
  {
    "name": "Stephanie James Gonzales",
    "dob": "1830-07-24",
    "status": "Active",
    "address": "13742 Fitzgerald Locks"
  },
  {
    "name": "Linda Jasmine Barton",
    "dob": "1973-12-15",
    "status": "Churned",
    "address": "8462 James Springs Suite 366"
  },
  {
    "name": "Patrick Pierce",
    "dob": "1848-01-09",
    "status": "Onboarding",
    "address": "962 Baldwin Ports"
  },
  {
    "name": "Danny Ward",
    "dob": "1967-08-21",
    "status": "Active",
    "address": "415 Henderson Fort"
  },
  {
    "name": "Mark Jessica Arnold",
    "dob": "1905-12-26",
    "status": "Active",
    "address": "37390 Heather Crescent Suite 038"
  },
  {
    "name": "Billy Diane Doyle",
    "dob": "1899-10-02",
    "status": "Inquiry",
    "address": "883 Romero Key Apt. 081"
  },
  {
    "name": "Gabriel Kevin Garcia",
    "dob": "1838-06-15",
    "status": "Active",
    "address": "650 Shane Parks Apt. 609"
  },
  {
    "name": "Benjamin Eric Banks",
    "dob": "1910-05-27",
    "status": "Active",
    "address": "4385 Baker Lights Suite 773"
  },
  {
    "name": "John Sarah Tran",
    "dob": "2022-10-15",
    "status": "Onboarding",
    "address": "53798 Munoz Forges"
  },
  {
    "name": "Adam Courtney Sherman",
    "dob": "2015-10-08",
    "status": "Onboarding",
    "address": "5476 Gina Underpass Suite 085"
  },
  {
    "name": "Jasmine Stephen Hinton",
    "dob": "1876-02-01",
    "status": "Churned",
    "address": "4325 Zamora Curve"
  },
  {
    "name": "Kathryn Jason Watkins",
    "dob": "1982-10-29",
    "status": "Churned",
    "address": "6942 Rachael Station"
  },
  {
    "name": "Amanda Barbara Meyers",
    "dob": "1976-03-30",
    "status": "Active",
    "address": "5535 Daniel Creek"
  },
  {
    "name": "Karen Klein",
    "dob": "1995-02-18",
    "status": "Churned",
    "address": "261 Thornton Keys Suite 948"
  },
  {
    "name": "Victoria Abigail Morgan",
    "dob": "1870-10-29",
    "status": "Onboarding",
    "address": "553 Deleon Corner"
  },
  {
    "name": "Micheal Natasha Carter",
    "dob": "1885-08-11",
    "status": "Active",
    "address": "4558 Ramirez Mill"
  },
  {
    "name": "Christopher Abigail Mcgee",
    "dob": "1850-01-14",
    "status": "Onboarding",
    "address": "7648 Jonathan Causeway"
  },
  {
    "name": "Laura House",
    "dob": "1938-08-05",
    "status": "Active",
    "address": "875 Edward Crossroad"
  },
  {
    "name": "Joshua Kyle Lewis",
    "dob": "1884-08-16",
    "status": "Churned",
    "address": "9781 Mayo Plains Apt. 572"
  },
  {
    "name": "Abigail Rodriguez",
    "dob": "1995-07-11",
    "status": "Onboarding",
    "address": "75164 Allen Springs"
  },
  {
    "name": "Jacob Lane",
    "dob": "1874-02-05",
    "status": "Inquiry",
    "address": "9437 Baker Fords Suite 386"
  },
  {
    "name": "William Katie Edwards",
    "dob": "1936-03-08",
    "status": "Churned",
    "address": "3004 Morris Mountains"
  },
  {
    "name": "Bruce Jennifer Martin",
    "dob": "1846-07-10",
    "status": "Active",
    "address": "555 Stark Run Apt. 508"
  },
  {
    "name": "Bernard Anna Schroeder",
    "dob": "1985-12-16",
    "status": "Churned",
    "address": "75114 Cruz Squares"
  },
  {
    "name": "Robert Jenna Jackson",
    "dob": "1882-11-01",
    "status": "Inquiry",
    "address": "17354 Henderson Forges Apt. 982"
  },
  {
    "name": "Kathleen Kelly Sweeney",
    "dob": "1885-01-05",
    "status": "Active",
    "address": "0763 Fischer Inlet"
  },
  {
    "name": "Ashley Juan Young",
    "dob": "1966-07-20",
    "status": "Active",
    "address": "888 Garner Plain"
  },
  {
    "name": "Dana Cynthia Rodriguez",
    "dob": "1832-12-30",
    "status": "Churned",
    "address": "78688 Jennifer Isle Suite 333"
  },
  {
    "name": "Vickie Manuel Wright",
    "dob": "1926-09-17",
    "status": "Inquiry",
    "address": "53283 Joseph Forge"
  },
  {
    "name": "Richard Dawn Moore",
    "dob": "1958-01-14",
    "status": "Churned",
    "address": "003 Russell Stravenue"
  },
  {
    "name": "Steve Eric Martinez",
    "dob": "1939-07-24",
    "status": "Onboarding",
    "address": "23790 Kristy Circles Apt. 842"
  },
  {
    "name": "Philip Orr",
    "dob": "1839-11-03",
    "status": "Onboarding",
    "address": "5321 Jamie Tunnel"
  },
  {
    "name": "Tyler Gregory Pratt",
    "dob": "1826-11-04",
    "status": "Inquiry",
    "address": "69579 Ricardo Manor"
  },
  {
    "name": "Roy Kevin Cummings",
    "dob": "2019-09-26",
    "status": "Inquiry",
    "address": "968 Sheri Walk Apt. 646"
  },
  {
    "name": "Kelly Nancy Green",
    "dob": "1846-10-15",
    "status": "Active",
    "address": "4599 Sullivan Ports Suite 148"
  },
  {
    "name": "Paul Jessica Delgado",
    "dob": "1969-03-09",
    "status": "Active",
    "address": "64575 John View Suite 184"
  },
  {
    "name": "Kyle Monica Wilson",
    "dob": "1971-07-27",
    "status": "Active",
    "address": "60885 Cruz Lakes"
  },
  {
    "name": "Courtney Gabriella Jones",
    "dob": "1944-12-26",
    "status": "Churned",
    "address": "70110 Kerry View"
  },
  {
    "name": "Adam Webb",
    "dob": "2017-10-14",
    "status": "Inquiry",
    "address": "44894 Susan Pines"
  },
  {
    "name": "Eric Anita Gould",
    "dob": "1928-06-30",
    "status": "Active",
    "address": "91976 Ramos Centers"
  },
  {
    "name": "Jasmine Julie Hoffman",
    "dob": "2020-09-24",
    "status": "Churned",
    "address": "0537 Tiffany Corner"
  },
  {
    "name": "Jeffrey Sandy Wise",
    "dob": "2014-02-07",
    "status": "Active",
    "address": "85839 Cheryl Parkway Suite 285"
  },
  {
    "name": "James Michael Gallegos",
    "dob": "1916-05-04",
    "status": "Active",
    "address": "3296 Nicholas Trail"
  },
  {
    "name": "Sharon Schwartz",
    "dob": "1871-01-25",
    "status": "Onboarding",
    "address": "58864 Amber Tunnel"
  },
  {
    "name": "Cheryl Williams",
    "dob": "1982-06-18",
    "status": "Active",
    "address": "035 Duane Route"
  },
  {
    "name": "Rebecca Charles Liu",
    "dob": "1915-12-06",
    "status": "Onboarding",
    "address": "33964 Ronald Centers"
  },
  {
    "name": "Russell Kevin Guzman",
    "dob": "1962-08-15",
    "status": "Inquiry",
    "address": "0499 Jackson Pike Suite 435"
  },
  {
    "name": "Tanya Samantha Miller",
    "dob": "1871-10-18",
    "status": "Onboarding",
    "address": "216 Jimenez Fork"
  },
  {
    "name": "Morgan Dennis Walters",
    "dob": "2001-01-17",
    "status": "Active",
    "address": "97409 Moore Drive"
  },
  {
    "name": "Richard Andrew Woods",
    "dob": "1899-02-05",
    "status": "Onboarding",
    "address": "8402 Jennifer Locks"
  },
  {
    "name": "Rebecca Rhonda Hull",
    "dob": "1985-01-04",
    "status": "Inquiry",
    "address": "4895 John Key Suite 032"
  },
  {
    "name": "Robert Heather Burgess",
    "dob": "1919-06-04",
    "status": "Onboarding",
    "address": "2052 Harvey Islands"
  },
  {
    "name": "Suzanne Lowery",
    "dob": "1891-10-19",
    "status": "Onboarding",
    "address": "05611 Williams Locks"
  },
  {
    "name": "Krystal Christopher Walter",
    "dob": "1875-06-06",
    "status": "Onboarding",
    "address": "515 Gomez Ford Suite 744"
  },
  {
    "name": "Adam Emily Wilson",
    "dob": "1947-08-03",
    "status": "Onboarding",
    "address": "9592 Mary Square Apt. 563"
  },
  {
    "name": "Heather Johnson",
    "dob": "1892-04-21",
    "status": "Churned",
    "address": "49648 Laura Gateway Suite 515"
  },
  {
    "name": "Sheila Matthew Guerrero",
    "dob": "1846-10-16",
    "status": "Churned",
    "address": "3002 Stewart Underpass"
  },
  {
    "name": "Jamie Jennifer Simpson",
    "dob": "2011-01-27",
    "status": "Onboarding",
    "address": "766 Tyler Path"
  },
  {
    "name": "Kayla Madison Brown",
    "dob": "2023-11-04",
    "status": "Active",
    "address": "91419 Williams Loop Apt. 241"
  },
  {
    "name": "Lynn Tyler King",
    "dob": "2018-06-09",
    "status": "Inquiry",
    "address": "9224 Pamela Villages"
  },
  {
    "name": "Carolyn Tracy Brock",
    "dob": "1955-12-14",
    "status": "Onboarding",
    "address": "65267 Roberts Meadows Apt. 735"
  },
  {
    "name": "Adam Olivia Cohen",
    "dob": "2019-08-04",
    "status": "Inquiry",
    "address": "214 Chavez Plains Suite 642"
  },
  {
    "name": "Danielle Phillips",
    "dob": "1999-03-21",
    "status": "Onboarding",
    "address": "6447 Jenna Street"
  },
  {
    "name": "Kara Cameron Hernandez",
    "dob": "1896-03-17",
    "status": "Churned",
    "address": "5929 Wright Estates"
  },
  {
    "name": "Jeff Peter Nelson",
    "dob": "1883-01-07",
    "status": "Onboarding",
    "address": "094 Levy Pass"
  },
  {
    "name": "Christopher Robin Jones",
    "dob": "1965-05-30",
    "status": "Churned",
    "address": "46783 Smith Circles Apt. 229"
  },
  {
    "name": "Micheal Christy Ruiz",
    "dob": "1988-06-29",
    "status": "Active",
    "address": "01565 Hartman Junctions"
  },
  {
    "name": "Marcus Martinez",
    "dob": "1839-04-08",
    "status": "Active",
    "address": "03525 Mark Court Suite 268"
  },
  {
    "name": "Michael Amanda Simpson",
    "dob": "2020-03-01",
    "status": "Active",
    "address": "258 Natasha Ranch Suite 102"
  },
  {
    "name": "Bethany Vega",
    "dob": "1873-05-11",
    "status": "Active",
    "address": "5991 Gillespie Valley"
  },
  {
    "name": "Kelly Edwin Stewart",
    "dob": "1878-12-27",
    "status": "Onboarding",
    "address": "3921 Susan Lights Apt. 102"
  },
  {
    "name": "Stephanie Laurie Tran",
    "dob": "1886-10-14",
    "status": "Inquiry",
    "address": "2789 Miller Alley"
  },
  {
    "name": "Nathan Steven Sparks",
    "dob": "1998-08-10",
    "status": "Inquiry",
    "address": "866 Andrea Passage"
  },
  {
    "name": "Regina Ortiz",
    "dob": "2025-05-15",
    "status": "Churned",
    "address": "10754 James Overpass"
  },
  {
    "name": "Melanie Michael Neal",
    "dob": "1873-10-31",
    "status": "Onboarding",
    "address": "30173 Malone Vista"
  },
  {
    "name": "Dakota Garcia",
    "dob": "1964-04-29",
    "status": "Churned",
    "address": "279 Diaz Garden"
  },
  {
    "name": "Laura Tracey Acevedo",
    "dob": "1938-09-05",
    "status": "Active",
    "address": "8071 Brooke Place Suite 336"
  },
  {
    "name": "Miguel Williams",
    "dob": "1997-02-14",
    "status": "Inquiry",
    "address": "5122 Jennifer Divide Apt. 834"
  },
  {
    "name": "Marissa Beltran",
    "dob": "1918-10-06",
    "status": "Churned",
    "address": "07849 Mcdonald Route Apt. 218"
  },
  {
    "name": "Christopher Lopez",
    "dob": "1866-02-03",
    "status": "Active",
    "address": "37639 Amy Fields Apt. 273"
  },
  {
    "name": "Cynthia Lauren Moore",
    "dob": "1880-06-22",
    "status": "Churned",
    "address": "2055 Adam Roads"
  },
  {
    "name": "Daniel Costa",
    "dob": "1860-09-18",
    "status": "Inquiry",
    "address": "780 Scott Isle"
  },
  {
    "name": "Matthew Mendoza",
    "dob": "1908-02-24",
    "status": "Churned",
    "address": "494 Goodwin Branch Suite 962"
  },
  {
    "name": "Brian Katelyn Harrington",
    "dob": "1852-05-19",
    "status": "Active",
    "address": "7090 Samantha Shore Suite 241"
  },
  {
    "name": "Kimberly Erica Garza",
    "dob": "1892-08-22",
    "status": "Onboarding",
    "address": "3893 Morales Rest Apt. 381"
  },
  {
    "name": "Amanda Crosby",
    "dob": "1893-02-14",
    "status": "Inquiry",
    "address": "705 Hines Ramp"
  },
  {
    "name": "Kevin Amanda Floyd",
    "dob": "1860-11-01",
    "status": "Churned",
    "address": "9447 Robert Ways"
  },
  {
    "name": "Bonnie Jill Hunter",
    "dob": "1964-12-05",
    "status": "Onboarding",
    "address": "1250 Mendez Via"
  },
  {
    "name": "Amy Rivas",
    "dob": "1872-07-17",
    "status": "Active",
    "address": "2037 Ryan Place Apt. 829"
  },
  {
    "name": "Margaret Buck",
    "dob": "1975-05-01",
    "status": "Churned",
    "address": "257 Peterson Brooks Suite 836"
  },
  {
    "name": "Dana Deanna Simmons",
    "dob": "1970-12-29",
    "status": "Inquiry",
    "address": "7266 Erickson Track"
  },
  {
    "name": "Megan Nguyen",
    "dob": "1974-04-05",
    "status": "Active",
    "address": "9691 Ross Bridge"
  },
  {
    "name": "Amy Sanchez",
    "dob": "1982-02-07",
    "status": "Inquiry",
    "address": "526 Wright Land"
  },
  {
    "name": "Whitney Elaine Walker",
    "dob": "1892-12-29",
    "status": "Churned",
    "address": "52153 Nina Squares"
  },
  {
    "name": "Candace Beth Horton",
    "dob": "2012-10-15",
    "status": "Active",
    "address": "40021 Davis Gardens Suite 690"
  },
  {
    "name": "Mary Linda Osborne",
    "dob": "1944-09-03",
    "status": "Onboarding",
    "address": "0113 Isaiah Mews Apt. 183"
  },
  {
    "name": "Melinda William Thomas",
    "dob": "1915-12-31",
    "status": "Onboarding",
    "address": "1251 Lauren Junction Suite 724"
  },
  {
    "name": "John Spencer",
    "dob": "1934-06-26",
    "status": "Active",
    "address": "525 Julie Turnpike Suite 724"
  },
  {
    "name": "Teresa Amy Hart",
    "dob": "1985-05-20",
    "status": "Churned",
    "address": "0631 Alexander Tunnel"
  },
  {
    "name": "Joseph Morgan",
    "dob": "1909-02-23",
    "status": "Churned",
    "address": "4385 Harris Mountains"
  },
  {
    "name": "Heather Long",
    "dob": "1873-08-15",
    "status": "Inquiry",
    "address": "26637 Patrick Corner Apt. 708"
  }
]